dan,danut,dan@yahoo.com,dan,pop,vlad,vladut,vlad@yahoo.com,vlad,pop,cristi022,cristi,cristianpop@yahoo.com,cristian,pop,paula,paula,paula02@yahoo.com,paula,pop,olimpia30,oli,olimpia@yahoo.com,olimpia,cimpan,lucian002,luci,lucian@yahoo.com,lucian,sabau,aurel,aurel,aurel29@yahoo.com,aurel,cimpan,anda002,anduta,anda@yahoo.com,anda,tatar,cristian02,cristi,cristian@yahoo.com,cristian,pop,maria123,mari,maria@yahoo.com,maria,pop,andrei123,andrei,andrei123@yahoo.com,andrei,pop,marius123,marius,marius@yahoo.com,marius,pasca,roxana123,roxi,roxana@yahoo.com,roxana,cimpan,denisa123,denisa,denisa@yahoo.com,denisa,cimpan,alina123,alina,alina@yahoo.com,alina,cimpan,